username,password,nombre,telefono
juan.garcia,paciente123,Juan García Morales,612345781
maria.lopez,paciente123,María López Ortega,623567812
pedro.sanchez,paciente123,Pedro Sánchez Ruiz,634891234
laura.martinez,paciente123,Laura Martínez Cano,645234567
alberto.diaz,paciente123,Alberto Díaz Romero,656345678
sara.torres,paciente123,Sara Torres Martín,667456789
miguel.rodriguez,paciente123,Miguel Rodríguez León,678567890
cristina.vega,paciente123,Cristina Vega Ramos,689678901
pablo.navarro,paciente123,Pablo Navarro Gil,691234567
elena.gomez,paciente123,Elena Gómez Herrera,692345678
david.castro,paciente123,David Castro Pérez,693456789
ana.molina,paciente123,Ana Molina Ruiz,694567890
jorge.romero,paciente123,Jorge Romero Martín,695678901
clara.ramos,paciente123,Clara Ramos Ortega,696789012
sergio.leon,paciente123,Sergio León Vega,697890123
patricia.cano,paciente123,Patricia Cano López,698901234
victor.moreno,paciente123,Víctor Moreno Ruiz,699012345
nuria.delgado,paciente123,Nuria Delgado Torres,611223344
adrian.perez,paciente123,Adrián Pérez Navarro,622334455
beatriz.gil,paciente123,Beatriz Gil Romero,633445566
hugo.santos,paciente123,Hugo Santos Cano,644556677
paula.ortega,paciente123,Paula Ortega Ramos,655667788
ivan.ruiz,paciente123,Iván Ruiz Martín,666778899
silvia.fernandez,paciente123,Silvia Fernández León,677889900
marcos.lopez,paciente123,Marcos López Vega,688990011
alicia.torres,paciente123,Alicia Torres Herrera,699001122
daniel.rubio,paciente123,Daniel Rubio Pérez,611112223
teresa.martin,paciente123,Teresa Martín Cano,622223334
gonzalo.vargas,paciente123,Gonzalo Vargas León,633334445
irene.molina,paciente123,Irene Molina Ruiz,644445556